{
	"name": "azureSqlDatabaseTableDataset",
	"properties": {
		"linkedServiceName": {
			"referenceName": "azureSqlDatabaseLinkedService",
			"type": "LinkedServiceReference",
			"parameters": {
				"azureSqlDatabaseConnectionStringSecretName": {
					"value": "@dataset().azureSqlDatabaseConnectionStringSecretName",
					"type": "Expression"
				}
			}
		},
		"parameters": {
			"azureSqlDatabaseConnectionStringSecretName": {
				"type": "string"
			},
			"azureSqlDatabaseTableSchemaName": {
				"type": "string"
			},
			"azureSqlDatabaseTableTableName": {
				"type": "string"
			}
		},
		"annotations": [],
		"type": "AzureSqlTable",
		"schema": [],
		"typeProperties": {
			"schema": {
				"value": "@dataset().azureSqlDatabaseTableSchemaName",
				"type": "Expression"
			},
			"table": {
				"value": "@dataset().azureSqlDatabaseTableTableName",
				"type": "Expression"
			}
		}
	},
	"type": "Microsoft.DataFactory/factories/datasets"
}