{
	"name": "azureBlobSingleCSVFileNameDataset",
	"properties": {
		"linkedServiceName": {
			"referenceName": "azureBlobLinkedService",
			"type": "LinkedServiceReference",
			"parameters": {
				"azureBlobConnectionStringSecretName": {
					"value": "@dataset().azureBlobConnectionStringSecretName",
					"type": "Expression"
				}
			}
		},
		"parameters": {
			"azureBlobConnectionStringSecretName": {
				"type": "string"
			},
			"azureBlobSingleCSVFileName": {
				"type": "string"
			},
			"azureBlobSingleCSVFolderPath": {
				"type": "string"
			},
			"azureBlobSingleCSVContainerName": {
				"type": "string"
			}
		},
		"annotations": [],
		"type": "DelimitedText",
		"typeProperties": {
			"location": {
				"type": "AzureBlobStorageLocation",
				"fileName": {
					"value": "@dataset().azureBlobSingleCSVFileName",
					"type": "Expression"
				},
				"folderPath": {
					"value": "@dataset().azureBlobSingleCSVFolderPath",
					"type": "Expression"
				},
				"container": {
					"value": "@dataset().azureBlobSingleCSVContainerName",
					"type": "Expression"
				}
			},
			"columnDelimiter": ",",
			"escapeChar": "\\",
			"firstRowAsHeader": true,
			"quoteChar": "\""
		},
		"schema": []
	},
	"type": "Microsoft.DataFactory/factories/datasets"
}