{
	"name": "Azure Blob Single Csv to Azure Blob Single Csv Copy Pipeline",
	"properties": {
		"activities": [
			{
				"name": "Source to Sink",
				"type": "Copy",
				"dependsOn": [],
				"policy": {
					"timeout": "7.00:00:00",
					"retry": 0,
					"retryIntervalInSeconds": 30,
					"secureOutput": false,
					"secureInput": false
				},
				"userProperties": [],
				"typeProperties": {
					"source": {
						"type": "DelimitedTextSource",
						"storeSettings": {
							"type": "AzureBlobStorageReadSettings",
							"recursive": false,
							"enablePartitionDiscovery": false
						},
						"formatSettings": {
							"type": "DelimitedTextReadSettings"
						}
					},
					"sink": {
						"type": "DelimitedTextSink",
						"storeSettings": {
							"type": "AzureBlobStorageWriteSettings"
						},
						"formatSettings": {
							"type": "DelimitedTextWriteSettings",
							"quoteAllText": true,
							"fileExtension": ".csv"
						}
					},
					"enableStaging": false
				},
				"inputs": [
					{
						"referenceName": "azureBlobSingleCSVFileNameDataset",
						"type": "DatasetReference",
						"parameters": {
							"azureBlobConnectionStringSecretName": {
								"value": "@pipeline().parameters.sourceAzureBlobConnectionStringSecretName",
								"type": "Expression"
							},
							"azureBlobSingleCSVFileName": {
								"value": "@pipeline().parameters.sourceAzureBlobSingleCsvFileName",
								"type": "Expression"
							},
							"azureBlobSingleCSVFolderPath": {
								"value": "@pipeline().parameters.sourceAzureBlobSingleCsvFolderPath",
								"type": "Expression"
							},
							"azureBlobSingleCSVContainerName": {
								"value": "@pipeline().parameters.sourceAzureBlobSingleCsvContainerName",
								"type": "Expression"
							}
						}
					}
				],
				"outputs": [
					{
						"referenceName": "azureBlobSingleCSVFileNameDataset",
						"type": "DatasetReference",
						"parameters": {
							"azureBlobConnectionStringSecretName": {
								"value": "@pipeline().parameters.sinkAzureBlobConnectionStringSecretName",
								"type": "Expression"
							},
							"azureBlobSingleCSVFileName": {
								"value": "@pipeline().parameters.sinkAzureBlobSingleCsvFileName",
								"type": "Expression"
							},
							"azureBlobSingleCSVFolderPath": {
								"value": "@pipeline().parameters.sinkAzureBlobSingleCsvFolderPath",
								"type": "Expression"
							},
							"azureBlobSingleCSVContainerName": {
								"value": "@pipeline().parameters.sinkAzureBlobSingleCsvContainerName",
								"type": "Expression"
							}
						}
					}
				]
			},
			{
				"name": "Decide If Delete Original File",
				"type": "IfCondition",
				"dependsOn": [
					{
						"activity": "Source to Sink",
						"dependencyConditions": [
							"Succeeded"
						]
					}
				],
				"userProperties": [],
				"typeProperties": {
					"expression": {
						"value": "@pipeline().parameters.deleteSourceFile",
						"type": "Expression"
					},
					"ifTrueActivities": [
						{
							"name": "Exec Pipeline Azure Blob Delete Single File",
							"type": "ExecutePipeline",
							"dependsOn": [],
							"userProperties": [],
							"typeProperties": {
								"pipeline": {
									"referenceName": "Azure Blob Delete Single File",
									"type": "PipelineReference"
								},
								"waitOnCompletion": true,
								"parameters": {
									"azureBlobConnectionStringSecretName": {
										"value": "@pipeline().parameters.sourceAzureBlobConnectionStringSecretName",
										"type": "Expression"
									},
									"azureBlobContainerName": {
										"value": "@pipeline().parameters.sourceAzureBlobSingleCsvContainerName",
										"type": "Expression"
									},
									"azureBlobFolderPath": {
										"value": "@pipeline().parameters.sourceAzureBlobSingleCsvFolderPath",
										"type": "Expression"
									},
									"azureBlobFileName": {
										"value": "@pipeline().parameters.sourceAzureBlobSingleCsvFileName",
										"type": "Expression"
									}
								}
							}
						}
					]
				}
			}
		],
		"parameters": {
			"sourceAzureBlobConnectionStringSecretName": {
				"type": "string"
			},
			"sourceAzureBlobSingleCsvContainerName": {
				"type": "string"
			},
			"sourceAzureBlobSingleCsvFolderPath": {
				"type": "string"
			},
			"sourceAzureBlobSingleCsvFileName": {
				"type": "string"
			},
			"sinkAzureBlobConnectionStringSecretName": {
				"type": "string"
			},
			"sinkAzureBlobSingleCsvContainerName": {
				"type": "string"
			},
			"sinkAzureBlobSingleCsvFolderPath": {
				"type": "string"
			},
			"sinkAzureBlobSingleCsvFileName": {
				"type": "string"
			},
			"deleteSourceFile": {
				"type": "bool"
			}
		},
		"folder": {
			"name": "Azure Blob Single Csv Source"
		},
		"annotations": []
	}
}