{
	"name": "Azure Blob Single Csv to Azure Blob Single Csv Data Flow Pipeline",
	"properties": {
		"activities": [
			{
				"name": "azureBlobSingleCsvToAzureBlobSingleCsvDataFlow",
				"type": "ExecuteDataFlow",
				"dependsOn": [],
				"policy": {
					"timeout": "7.00:00:00",
					"retry": 0,
					"retryIntervalInSeconds": 30,
					"secureOutput": false,
					"secureInput": false
				},
				"userProperties": [],
				"typeProperties": {
					"dataflow": {
						"referenceName": "azureBlobSingleCsvToAzureBlobSingleCsvDataFlow",
						"type": "DataFlowReference",
						"parameters": {
							"sourceConnectionSecretName": {
								"value": "'@{pipeline().parameters.sourceAzureBlobConnectionStringSecretName}'",
								"type": "Expression"
							},
							"sinkConnectionStringSecretName": {
								"value": "'@{pipeline().parameters.sinkAzureBlobConnectionStringSecretName}'",
								"type": "Expression"
							},
							"sourceObjectName": {
								"value": "'@{concat(\n   pipeline().parameters.sourceAzureBlobSingleCsvContainerName, '/', \n   pipeline().parameters.sourceAzureBlobSingleCsvFolderPath, '/', \n   pipeline().parameters.sourceAzureBlobSingleCsvFileName\n)}'",
								"type": "Expression"
							},
							"sinkObjectName": {
								"value": "'@{concat(\n   pipeline().parameters.sinkAzureBlobSingleCsvContainerName, '/', \n   pipeline().parameters.sinkAzureBlobSingleCsvFolderPath, '/', \n   pipeline().parameters.sinkAzureBlobSingleCsvFileName\n)}'",
								"type": "Expression"
							},
							"dataFactoryName": {
								"value": "'@{pipeline().DataFactory}'",
								"type": "Expression"
							},
							"dataFactoryPipelineName": {
								"value": "'@{pipeline().Pipeline}'",
								"type": "Expression"
							},
							"dataFactoryPipelineRunId": {
								"value": "'@{pipeline().RunId}'",
								"type": "Expression"
							},
							"sinkFileNameNoPath": {
								"value": "'@{pipeline().parameters.sinkAzureBlobSingleCsvFileName}'",
								"type": "Expression"
							}
						},
						"datasetParameters": {
							"readFromAzureBlobSingleCSV": {
								"azureBlobConnectionStringSecretName": {
									"value": "@pipeline().parameters.sourceAzureBlobConnectionStringSecretName",
									"type": "Expression"
								},
								"azureBlobSingleCSVFileName": {
									"value": "@pipeline().parameters.sourceAzureBlobSingleCsvFileName",
									"type": "Expression"
								},
								"azureBlobSingleCSVFolderPath": {
									"value": "@pipeline().parameters.sourceAzureBlobSingleCsvFolderPath",
									"type": "Expression"
								},
								"azureBlobSingleCSVContainerName": {
									"value": "@pipeline().parameters.sourceAzureBlobSingleCsvContainerName",
									"type": "Expression"
								}
							},
							"writeToAzureBlobSingleCsv": {
								"azureBlobConnectionStringSecretName": {
									"value": "@pipeline().parameters.sinkAzureBlobConnectionStringSecretName",
									"type": "Expression"
								},
								"azureBlobSingleCSVFolderPath": {
									"value": "@pipeline().parameters.sinkAzureBlobSingleCsvFolderPath",
									"type": "Expression"
								},
								"azureBlobSingleCSVContainerName": {
									"value": "@pipeline().parameters.sinkAzureBlobSingleCsvContainerName",
									"type": "Expression"
								}
							}
						}
					},
					"compute": {
						"coreCount": 8,
						"computeType": "General"
					}
				}
			},
			{
				"name": "Decide If Delete Original File",
				"type": "IfCondition",
				"dependsOn": [
					{
						"activity": "azureBlobSingleCsvToAzureBlobSingleCsvDataFlow",
						"dependencyConditions": [
							"Succeeded"
						]
					}
				],
				"userProperties": [],
				"typeProperties": {
					"expression": {
						"value": "@pipeline().parameters.deleteSourceFile",
						"type": "Expression"
					},
					"ifTrueActivities": [
						{
							"name": "Exec Pipeline Azure Blob Delete Single File",
							"type": "ExecutePipeline",
							"dependsOn": [],
							"userProperties": [],
							"typeProperties": {
								"pipeline": {
									"referenceName": "Azure Blob Delete Single File",
									"type": "PipelineReference"
								},
								"waitOnCompletion": true,
								"parameters": {
									"azureBlobConnectionStringSecretName": {
										"value": "@pipeline().parameters.sourceAzureBlobConnectionStringSecretName",
										"type": "Expression"
									},
									"azureBlobContainerName": {
										"value": "@pipeline().parameters.sourceAzureBlobSingleCsvContainerName",
										"type": "Expression"
									},
									"azureBlobFolderPath": {
										"value": "@pipeline().parameters.sourceAzureBlobSingleCsvFolderPath",
										"type": "Expression"
									},
									"azureBlobFileName": {
										"value": "@pipeline().parameters.sourceAzureBlobSingleCsvFileName",
										"type": "Expression"
									}
								}
							}
						}
					]
				}
			}
		],
		"parameters": {
			"sourceAzureBlobConnectionStringSecretName": {
				"type": "string"
			},
			"sourceAzureBlobSingleCsvContainerName": {
				"type": "string"
			},
			"sourceAzureBlobSingleCsvFolderPath": {
				"type": "string"
			},
			"sourceAzureBlobSingleCsvFileName": {
				"type": "string"
			},
			"sinkAzureBlobConnectionStringSecretName": {
				"type": "string"
			},
			"sinkAzureBlobSingleCsvContainerName": {
				"type": "string"
			},
			"sinkAzureBlobSingleCsvFolderPath": {
				"type": "string"
			},
			"sinkAzureBlobSingleCsvFileName": {
				"type": "string"
			},
			"deleteSourceFile": {
				"type": "bool"
			}
		},
		"annotations": []
	}
}