{
    "$schema": "https://schema.management.azure.com/schemas/2015-01-01/deploymentParameters.json#",
    "contentVersion": "1.0.0.0",
    "parameters": {
        "factoryName": {
            "value": "fa603ea7-f1bd-48c0-a690-73b92d12176c"
        },
        "TargetDatabase_connectionString": {
            "value": ""
        },
        "SourceBlobStorageAccount_connectionString": {
            "value": ""
        },
        "containerUri": {
            "value": ""
        },
        "containerSasToken": {
            "value": ""
        }
    }
}