{
	"name": "azureBlobLinkedService",
	"type": "Microsoft.DataFactory/factories/linkedservices",
	"properties": {
		"type": "AzureBlobStorage",
		"parameters": {
			"azureBlobConnectionStringSecretName": {
				"type": "string"
			}
		},
		"annotations": [],
		"typeProperties": {
			"connectionString": {
				"type": "AzureKeyVaultSecret",
				"store": {
					"referenceName": "AzureKeyVaultLinkedService",
					"type": "LinkedServiceReference"
				},
				"secretName": "@{linkedService().azureBlobConnectionStringSecretName}"
			}
		}
	}
}