{
	"name": "azureSqlDatabaseLinkedService",
	"type": "Microsoft.DataFactory/factories/linkedservices",
	"properties": {
		"parameters": {
			"azureSqlDatabaseConnectionStringSecretName": {
				"type": "string"
			}
		},
		"annotations": [],
		"type": "AzureSqlDatabase",
		"typeProperties": {
			"connectionString": {
				"type": "AzureKeyVaultSecret",
				"store": {
					"referenceName": "azureKeyVaultLinkedService",
					"type": "LinkedServiceReference"
				},
				"secretName": {
					"value": "@{linkedService().azureSqlDatabaseConnectionStringSecretName}",
					"type": "Expression"
				}
			}
		}
	}
}